,model,r2,mae,rmse,best_params
0,LinearRegression,0.9203790310886558,1682.2034981594993,2726.7802645698107,{}
1,LassoRegression,0.9208509848672383,1675.049513756224,2718.686749834247,{'alpha': 0.03}
2,RidgeRegression,0.8432351060679675,2565.0132382049137,3826.1396691153627,{'alpha': 0.8}
3,ElasticNet,0.8903655373119013,2026.5905073366814,3199.7051418581823,"{'alpha': 0.02, 'l1_ratio': 0.9}"
